# Keyword Cannibalization Fixes - Phase 1 (MUST BE FIRST)
/conservatorship-attorney-glendale /conservatorship 301
/conservatorship-attorney-glendale.html /conservatorship 301
/guardianship-attorney-glendale /guardianship 301
/guardianship-attorney-glendale.html /guardianship 301

# Trust Admin - Redirect low-priority cities to main page
/trust-administration-attorney-alhambra /trust-administration 301
/trust-administration-attorney-downey /trust-administration 301
/trust-administration-attorney-long-beach /trust-administration 301
/trust-administration-attorney-santa-clarita /trust-administration 301
/trust-administration-attorney-thousand-oaks /trust-administration 301
/trust-administration-attorney-torrance /trust-administration 301
/trust-administration-attorney-van-nuys /trust-administration 301
/trust-administration-attorney-west-covina /trust-administration 301
/trust-administration-attorney-whittier /trust-administration 301

# Santa Barbara County → Santa Barbara
/locations/santa-barbara-county /locations/santa-barbara 301

# Santa Ynez → Santa Ynez Valley (renamed)
/locations/santa-ynez /locations/santa-ynez-valley 301

# Estate Planning Glendale → Location page
/estate-planning-attorney-glendale /locations/glendale 301
/estate-planning-attorney-glendale.html /locations/glendale 301

# Specific redirects for common pages
/index.html / 301

# Redirect all .html URLs to clean URLs (301 permanent redirects)
# This MUST be last because it's a wildcard
/*.html /:splat 301
